{
  "overview": {
    "timestamp": "2026-02-11 17:57:20",
    "total_cases": 496,
    "success_rate": 1.0,
    "valid_case_rate": 1.0,
    "key_performance": {
      "avg_retrieval_time": 0.5876128562996464,
      "hit_at_1": 0.31451612903225806,
      "avg_mrr": 0.4574418301232817,
      "avg_recall": 0.7157258064516129
    }
  },
  "issues": [
    "⚠️ 严重问题: Hit@1命中率较低(31.5%)，检索准确性不足",
    "⚠️ 一般问题: 平均查询时间稍长(0.59s)，可考虑优化"
  ],
  "recommendations": [
    "📊 定期运行测试评估，建立性能基线",
    "🔧 实现持续集成，每次代码变更都运行核心测试集",
    "📈 建立监控系统，实时跟踪生产环境检索性能",
    "🧪 增加压力测试，模拟高并发场景",
    "📚 建立知识库，记录常见问题和解决方案",
    "🎯 优化embedding模型：尝试更大尺寸或专门训练的模型",
    "🔍 增强查询理解：添加查询扩展、同义词替换",
    "📄 改进文档处理：优化分块策略和元数据提取",
    "🔄 引入重排序：使用交叉编码器对初筛结果重排序",
    "🏷️ 加强元数据过滤：对特殊查询类型实施精确匹配",
    "⚡ 优化向量索引：调整HNSW参数(m=32, ef_construction=400)",
    "💾 启用智能缓存：缓存高频查询和向量编码结果",
    "🖥️ 硬件加速：使用GPU推理、模型量化",
    "🧮 计算优化：减少不必要的相似度计算",
    "📦 批量处理：对批量查询采用异步处理"
  ],
  "detailed_analysis": {
    "by_query_type": {},
    "by_difficulty": {},
    "by_retrieval_method": {
      "natural_language_v2": {
        "count": 32,
        "hit_at_1": 0.1875,
        "avg_time": 0.19479424506425858,
        "avg_mrr": 0.34732142857142856
      },
      "address_optimized_v2": {
        "count": 37,
        "hit_at_1": 0.13513513513513514,
        "avg_time": 1.1685603824821678,
        "avg_mrr": 0.17345559845559846
      },
      "product_keyword_v2": {
        "count": 26,
        "hit_at_1": 0.19230769230769232,
        "avg_time": 0.04429441231947679,
        "avg_mrr": 0.2581196581196581
      },
      "hybrid_search": {
        "count": 120,
        "hit_at_1": 0.2,
        "avg_time": 0.04528650641441345,
        "avg_mrr": 0.40931547619047637
      },
      "credit_code_exact": {
        "count": 31,
        "hit_at_1": 0.7419354838709677,
        "avg_time": 0.22010278701782227,
        "avg_mrr": 0.8411910669975186
      },
      "product_supplier": {
        "count": 51,
        "hit_at_1": 0.37254901960784315,
        "avg_time": 0.424853899899651,
        "avg_mrr": 0.5120915032679737
      },
      "business_scope_enhanced_v3": {
        "count": 37,
        "hit_at_1": 0.10810810810810811,
        "avg_time": 0.9410837727624017,
        "avg_mrr": 0.2585585585585585
      },
      "legal_representative": {
        "count": 25,
        "hit_at_1": 0.64,
        "avg_time": 0.7138895797729492,
        "avg_mrr": 0.7066666666666666
      },
      "zhaobiao_zhaobiao_natural": {
        "count": 125,
        "hit_at_1": 0.416,
        "avg_time": 1.1166363372802734,
        "avg_mrr": 0.5768249084249086
      },
      "zhaobiao_zhaobiao_buyer": {
        "count": 8,
        "hit_at_1": 0.25,
        "avg_time": 1.0652680695056915,
        "avg_mrr": 0.25
      },
      "product_name": {
        "count": 4,
        "hit_at_1": 0.0,
        "avg_time": 1.5350075364112854,
        "avg_mrr": 0.0
      }
    },
    "failed_cases_analysis": {},
    "performance_bottlenecks": {
      "p95_high": {
        "p95_time": 1.212005853652954,
        "avg_time": 0.5876128562996464,
        "ratio": 2.0625924716577435,
        "insight": "部分查询耗时远高于平均值，可能存在性能瓶颈"
      },
      "slowest_cases": [
        {
          "test_id": "company_name_e2865f95_4",
          "query_type": "company_name",
          "retrieval_method": "address_optimized_v2",
          "time": 3.5164389610290527,
          "query_preview": "中国 邮政储蓄 银行 股份 有限公司 来安县 汊 河镇 营业所的公司信息是什么..."
        },
        {
          "test_id": "company_name_e2865f95_2",
          "query_type": "company_name",
          "retrieval_method": "address_optimized_v2",
          "time": 3.286283493041992,
          "query_preview": "中国 邮政储蓄 银行 股份 有限公司 来安县 汊 河镇 营业所这家企业的基本情况..."
        },
        {
          "test_id": "natural_language_7be9e4da_4",
          "query_type": "natural_language",
          "retrieval_method": "address_optimized_v2",
          "time": 3.2630739212036133,
          "query_preview": "查一下顾北 东路附近有哪些公司..."
        },
        {
          "test_id": "natural_language_5c623470_1",
          "query_type": "natural_language",
          "retrieval_method": "address_optimized_v2",
          "time": 3.2448132038116455,
          "query_preview": "请问中晨 路桥 宿迁 有限公司的注册地址在哪里？..."
        },
        {
          "test_id": "natural_language_a02fab40_1",
          "query_type": "natural_language",
          "retrieval_method": "address_optimized_v2",
          "time": 3.213200569152832,
          "query_preview": "请问东海县 加谷 生物科技 有限公司的注册地址在哪里？..."
        }
      ]
    },
    "worst_performing_types": [
      {
        "type": "business_scope",
        "hit_at_1": 0.0,
        "count": 18,
        "issue": "business_scope类型查询命中率过低"
      },
      {
        "type": "product_supplier",
        "hit_at_1": 0.0,
        "count": 13,
        "issue": "product_supplier类型查询命中率过低"
      },
      {
        "type": "product_keyword",
        "hit_at_1": 0.0,
        "count": 5,
        "issue": "product_keyword类型查询命中率过低"
      },
      {
        "type": "address",
        "hit_at_1": 0.13043478260869565,
        "count": 23,
        "issue": "address类型查询命中率过低"
      },
      {
        "type": "law_title",
        "hit_at_1": 0.16455696202531644,
        "count": 79,
        "issue": "law_title类型查询命中率过低"
      }
    ]
  }
}