{
  "summary": {
    "total_test_cases": 496,
    "successful_cases": 496,
    "failed_cases": 0,
    "valid_metric_cases": 496,
    "success_rate": 1.0,
    "fail_rate": 0.0,
    "valid_case_rate": 1.0
  },
  "performance": {
    "total_retrieval_time": 91.00285053253174,
    "avg_retrieval_time": 0.1834734889768785,
    "retrieval_time_p95": 0.5765613317489624,
    "retrieval_time_p99": 0.6233921408653259,
    "hit_at_1": 0.3084677419354839,
    "hit_at_3": 0.5544354838709677,
    "hit_at_5": 0.6713709677419355,
    "hit_at_10": 0.7137096774193549,
    "hit_at_15": 0.7258064516129032,
    "precision_at_1": 0.3084677419354839,
    "precision_at_3": 0.19455645161290322,
    "precision_at_5": 0.15181451612903227,
    "precision_at_10": 0.09475806451612903,
    "precision_at_15": 0.07372311827956989,
    "recall_at_1": 0.3084677419354839,
    "recall_at_3": 0.5544354838709677,
    "recall_at_5": 0.6713709677419355,
    "recall_at_10": 0.7137096774193549,
    "recall_at_15": 0.7258064516129032,
    "avg_mrr": 0.4475299798043512,
    "avg_recall": 0.7318548387096774,
    "avg_f1_score": 0.15811339198435972,
    "avg_average_precision": 0.4475299798043512,
    "avg_ndcg_at_10": 0.511874521319627,
    "avg_first_hit_rank": 2.716253443526171,
    "median_first_hit_rank": 2.0,
    "empty_result_count": 0,
    "empty_result_rate": 0.0,
    "no_hit_count": 133,
    "no_hit_rate": 0.26814516129032256,
    "avg_similarity": 0.7526047479838709,
    "similarity_p25": 0.7095312500000001,
    "similarity_p75": 0.8798037500000001,
    "similarity_std": 0.21183712665351542
  },
  "by_query_type": {
    "company_name": {
      "count": 79,
      "avg_time": 0.12926989567430713,
      "avg_mrr": 0.4407775768535262,
      "avg_recall": 0.7974683544303798,
      "valid_cases": 79,
      "hit_at_1": 0.24050632911392406
    },
    "address": {
      "count": 23,
      "avg_time": 0.4506551286448603,
      "avg_mrr": 0.23188405797101447,
      "avg_recall": 0.30434782608695654,
      "valid_cases": 23,
      "hit_at_1": 0.21739130434782608
    },
    "credit_code": {
      "count": 29,
      "avg_time": 0.23565517622849036,
      "avg_mrr": 0.896551724137931,
      "avg_recall": 1.0,
      "valid_cases": 29,
      "hit_at_1": 0.7931034482758621
    },
    "natural_language": {
      "count": 29,
      "avg_time": 0.3658433618216679,
      "avg_mrr": 0.26522988505747125,
      "avg_recall": 0.5862068965517241,
      "valid_cases": 29,
      "hit_at_1": 0.13793103448275862
    },
    "business_scope": {
      "count": 18,
      "avg_time": 0.26392442650265163,
      "avg_mrr": 0.013888888888888888,
      "avg_recall": 0.05555555555555555,
      "valid_cases": 18,
      "hit_at_1": 0.0
    },
    "legal_representative": {
      "count": 21,
      "avg_time": 0.0389620235988072,
      "avg_mrr": 0.44727891156462585,
      "avg_recall": 0.5714285714285714,
      "valid_cases": 21,
      "hit_at_1": 0.38095238095238093
    },
    "zhaobiao_buyer": {
      "count": 54,
      "avg_time": 0.2275035778681437,
      "avg_mrr": 0.6611111111111112,
      "avg_recall": 0.8518518518518519,
      "valid_cases": 54,
      "hit_at_1": 0.5370370370370371
    },
    "zhaobiao_supplier": {
      "count": 23,
      "avg_time": 0.08299834831901219,
      "avg_mrr": 0.5395763656633222,
      "avg_recall": 0.6521739130434783,
      "valid_cases": 23,
      "hit_at_1": 0.4782608695652174
    },
    "zhaobiao_natural": {
      "count": 32,
      "avg_time": 0.23936178535223007,
      "avg_mrr": 0.6578125,
      "avg_recall": 0.84375,
      "valid_cases": 32,
      "hit_at_1": 0.5625
    },
    "zhaobiao_contract": {
      "count": 16,
      "avg_time": 0.24612972140312195,
      "avg_mrr": 0.5520833333333333,
      "avg_recall": 1.0,
      "valid_cases": 16,
      "hit_at_1": 0.3125
    },
    "law_natural": {
      "count": 44,
      "avg_time": 0.0830209417776628,
      "avg_mrr": 0.4196765448603684,
      "avg_recall": 0.7954545454545454,
      "valid_cases": 44,
      "hit_at_1": 0.2727272727272727
    },
    "law_title": {
      "count": 79,
      "avg_time": 0.10842384869539284,
      "avg_mrr": 0.335423402195554,
      "avg_recall": 0.7848101265822784,
      "valid_cases": 79,
      "hit_at_1": 0.13924050632911392
    },
    "product_supplier": {
      "count": 13,
      "avg_time": 0.19625295125521147,
      "avg_mrr": 0.16111111111111112,
      "avg_recall": 0.5384615384615384,
      "valid_cases": 13,
      "hit_at_1": 0.0
    },
    "product_name": {
      "count": 19,
      "avg_time": 0.18825430619089226,
      "avg_mrr": 0.43508771929824563,
      "avg_recall": 1.0,
      "valid_cases": 19,
      "hit_at_1": 0.21052631578947367
    },
    "product_keyword": {
      "count": 5,
      "avg_time": 0.1932307720184326,
      "avg_mrr": 0.0,
      "avg_recall": 0.0,
      "valid_cases": 5,
      "hit_at_1": 0.0
    },
    "product_natural": {
      "count": 12,
      "avg_time": 0.1923894683519999,
      "avg_mrr": 0.4305555555555555,
      "avg_recall": 0.5833333333333334,
      "valid_cases": 12,
      "hit_at_1": 0.3333333333333333
    }
  }
}