{
  "summary": {
    "total_test_cases": 496,
    "successful_cases": 496,
    "failed_cases": 0,
    "valid_metric_cases": 496,
    "success_rate": 1.0,
    "fail_rate": 0.0,
    "valid_case_rate": 1.0
  },
  "performance": {
    "total_retrieval_time": 30.21643900871277,
    "avg_retrieval_time": 0.0609202399369209,
    "retrieval_time_p95": 0.2859017848968506,
    "retrieval_time_p99": 0.3339260816574097,
    "hit_at_1": 0.3064516129032258,
    "hit_at_3": 0.5504032258064516,
    "hit_at_5": 0.6612903225806451,
    "hit_at_10": 0.7096774193548387,
    "hit_at_15": 0.7157258064516129,
    "precision_at_1": 0.3064516129032258,
    "precision_at_3": 0.19321236559139787,
    "precision_at_5": 0.1497983870967742,
    "precision_at_10": 0.09435483870967742,
    "precision_at_15": 0.07305107526881721,
    "recall_at_1": 0.3064516129032258,
    "recall_at_3": 0.5504032258064516,
    "recall_at_5": 0.6612903225806451,
    "recall_at_10": 0.7096774193548387,
    "recall_at_15": 0.7157258064516129,
    "avg_mrr": 0.4420853703867817,
    "avg_recall": 0.717741935483871,
    "avg_f1_score": 0.1573802541544477,
    "avg_average_precision": 0.4420853703867817,
    "avg_ndcg_at_10": 0.5070274542975598,
    "avg_first_hit_rank": 2.6123595505617976,
    "median_first_hit_rank": 2.0,
    "empty_result_count": 0,
    "empty_result_rate": 0.0,
    "no_hit_count": 140,
    "no_hit_rate": 0.28225806451612906,
    "avg_similarity": 0.7653256854838709,
    "similarity_p25": 0.7201675,
    "similarity_p75": 0.8952912499999999,
    "similarity_std": 0.20332694274666976
  },
  "by_query_type": {
    "company_name": {
      "count": 79,
      "avg_time": 0.03491673288466055,
      "avg_mrr": 0.4291139240506328,
      "avg_recall": 0.7974683544303798,
      "valid_cases": 79,
      "hit_at_1": 0.21518987341772153
    },
    "address": {
      "count": 23,
      "avg_time": 0.030711194743280826,
      "avg_mrr": 0.21739130434782608,
      "avg_recall": 0.21739130434782608,
      "valid_cases": 23,
      "hit_at_1": 0.21739130434782608
    },
    "credit_code": {
      "count": 29,
      "avg_time": 0.23329075451554923,
      "avg_mrr": 0.896551724137931,
      "avg_recall": 1.0,
      "valid_cases": 29,
      "hit_at_1": 0.7931034482758621
    },
    "natural_language": {
      "count": 29,
      "avg_time": 0.04308015724708294,
      "avg_mrr": 0.2591954022988505,
      "avg_recall": 0.4482758620689655,
      "valid_cases": 29,
      "hit_at_1": 0.1724137931034483
    },
    "business_scope": {
      "count": 18,
      "avg_time": 0.042981253729926214,
      "avg_mrr": 0.013888888888888888,
      "avg_recall": 0.05555555555555555,
      "valid_cases": 18,
      "hit_at_1": 0.0
    },
    "legal_representative": {
      "count": 21,
      "avg_time": 0.029185578936622256,
      "avg_mrr": 0.4750566893424037,
      "avg_recall": 0.5714285714285714,
      "valid_cases": 21,
      "hit_at_1": 0.42857142857142855
    },
    "zhaobiao_buyer": {
      "count": 54,
      "avg_time": 0.11073914722160057,
      "avg_mrr": 0.6728395061728394,
      "avg_recall": 0.8518518518518519,
      "valid_cases": 54,
      "hit_at_1": 0.5555555555555556
    },
    "zhaobiao_supplier": {
      "count": 23,
      "avg_time": 0.0324999767801036,
      "avg_mrr": 0.5424430641821946,
      "avg_recall": 0.6521739130434783,
      "valid_cases": 23,
      "hit_at_1": 0.4782608695652174
    },
    "zhaobiao_natural": {
      "count": 32,
      "avg_time": 0.08806276321411133,
      "avg_mrr": 0.6578125,
      "avg_recall": 0.84375,
      "valid_cases": 32,
      "hit_at_1": 0.5625
    },
    "zhaobiao_contract": {
      "count": 16,
      "avg_time": 0.14261959493160248,
      "avg_mrr": 0.5286458333333333,
      "avg_recall": 1.0,
      "valid_cases": 16,
      "hit_at_1": 0.25
    },
    "law_natural": {
      "count": 44,
      "avg_time": 0.030855948274785824,
      "avg_mrr": 0.42802579365079363,
      "avg_recall": 0.7727272727272727,
      "valid_cases": 44,
      "hit_at_1": 0.29545454545454547
    },
    "law_title": {
      "count": 79,
      "avg_time": 0.029169991046567506,
      "avg_mrr": 0.316993168575447,
      "avg_recall": 0.7848101265822784,
      "valid_cases": 79,
      "hit_at_1": 0.12658227848101267
    },
    "product_supplier": {
      "count": 13,
      "avg_time": 0.054715908490694486,
      "avg_mrr": 0.14907955292570677,
      "avg_recall": 0.5384615384615384,
      "valid_cases": 13,
      "hit_at_1": 0.0
    },
    "product_name": {
      "count": 19,
      "avg_time": 0.03205623124775134,
      "avg_mrr": 0.41228070175438597,
      "avg_recall": 1.0,
      "valid_cases": 19,
      "hit_at_1": 0.21052631578947367
    },
    "product_keyword": {
      "count": 5,
      "avg_time": 0.03053107261657715,
      "avg_mrr": 0.0,
      "avg_recall": 0.0,
      "valid_cases": 5,
      "hit_at_1": 0.0
    },
    "product_natural": {
      "count": 12,
      "avg_time": 0.032323877016703285,
      "avg_mrr": 0.38888888888888884,
      "avg_recall": 0.5833333333333334,
      "valid_cases": 12,
      "hit_at_1": 0.25
    }
  }
}