{
  "performance_summary": {
    "avg_query_time": 0.015338855405007639,
    "hit_rate_at_1": 0.24798387096774194,
    "hit_rate_at_5": 0.6129032258064516,
    "hit_rate_at_10": 0.6491935483870968,
    "precision_at_1": 0.24798387096774194,
    "precision_at_5": 0.12258064516129098,
    "recall_at_5": 0.6129032258064516,
    "mrr": 0.39181600386502774,
    "success_rate": 0.9798387096774194
  },
  "query_analysis": {
    "by_type": {
      "company_name": {
        "count": 79,
        "hit_at_1": 0.13924050632911392,
        "hit_at_5": 0.810126582278481,
        "hit_at_10": 0.810126582278481,
        "precision_at_1": 0.13924050632911392,
        "precision_at_5": 0.16202531645569604,
        "recall_at_5": 0.810126582278481,
        "mrr": 0.3588607594936708,
        "avg_time": 0.0157547630841219,
        "avg_similarity": 0.693926208758656,
        "retrieval_methods": {
          "vector_search": 79
        }
      },
      "address": {
        "count": 23,
        "hit_at_1": 0.0,
        "hit_at_5": 0.08695652173913043,
        "hit_at_10": 0.13043478260869565,
        "precision_at_1": 0.0,
        "precision_at_5": 0.017391304347826087,
        "recall_at_5": 0.08695652173913043,
        "mrr": 0.04033180778032036,
        "avg_time": 0.015581068785294243,
        "avg_similarity": 0.44939244311788806,
        "retrieval_methods": {
          "vector_search": 23
        }
      },
      "credit_code": {
        "count": 29,
        "hit_at_1": 0.0,
        "hit_at_5": 0.0,
        "hit_at_10": 0.0,
        "precision_at_1": 0.0,
        "precision_at_5": 0.0,
        "recall_at_5": 0.0,
        "mrr": 0.0,
        "avg_time": 0.015533907660122576,
        "avg_similarity": 0.31852933661691074,
        "retrieval_methods": {
          "vector_search": 29
        }
      },
      "natural_language": {
        "count": 29,
        "hit_at_1": 0.13793103448275862,
        "hit_at_5": 0.3793103448275862,
        "hit_at_10": 0.3793103448275862,
        "precision_at_1": 0.13793103448275862,
        "precision_at_5": 0.07586206896551723,
        "recall_at_5": 0.3793103448275862,
        "mrr": 0.2354111405835544,
        "avg_time": 0.015546321868896484,
        "avg_similarity": 0.44325813137251757,
        "retrieval_methods": {
          "vector_search": 29
        }
      },
      "business_scope": {
        "count": 18,
        "hit_at_1": 0.0,
        "hit_at_5": 0.0,
        "hit_at_10": 0.0,
        "precision_at_1": 0.0,
        "precision_at_5": 0.0,
        "recall_at_5": 0.0,
        "mrr": 0.005050505050505051,
        "avg_time": 0.01591670513153076,
        "avg_similarity": 0.18366764982541403,
        "retrieval_methods": {
          "vector_search": 18
        }
      },
      "legal_representative": {
        "count": 21,
        "hit_at_1": 0.42857142857142855,
        "hit_at_5": 0.47619047619047616,
        "hit_at_10": 0.5238095238095238,
        "precision_at_1": 0.42857142857142855,
        "precision_at_5": 0.09523809523809523,
        "recall_at_5": 0.47619047619047616,
        "mrr": 0.44973544973544965,
        "avg_time": 0.01566775639851888,
        "avg_similarity": 0.36063263813654584,
        "retrieval_methods": {
          "vector_search": 21
        }
      },
      "zhaobiao_buyer": {
        "count": 54,
        "hit_at_1": 0.4444444444444444,
        "hit_at_5": 0.8333333333333334,
        "hit_at_10": 0.8518518518518519,
        "precision_at_1": 0.4444444444444444,
        "precision_at_5": 0.16666666666666666,
        "recall_at_5": 0.8333333333333334,
        "mrr": 0.6066872427983538,
        "avg_time": 0.01537658550121166,
        "avg_similarity": 0.5037047407693334,
        "retrieval_methods": {
          "vector_search": 54
        }
      },
      "zhaobiao_supplier": {
        "count": 23,
        "hit_at_1": 0.4782608695652174,
        "hit_at_5": 0.5652173913043478,
        "hit_at_10": 0.6086956521739131,
        "precision_at_1": 0.4782608695652174,
        "precision_at_5": 0.11304347826086956,
        "recall_at_5": 0.5652173913043478,
        "mrr": 0.5217391304347826,
        "avg_time": 0.01518460978632388,
        "avg_similarity": 0.413640972064889,
        "retrieval_methods": {
          "vector_search": 23
        }
      },
      "zhaobiao_natural": {
        "count": 32,
        "hit_at_1": 0.53125,
        "hit_at_5": 0.78125,
        "hit_at_10": 0.78125,
        "precision_at_1": 0.53125,
        "precision_at_5": 0.15625000000000006,
        "recall_at_5": 0.78125,
        "mrr": 0.634090909090909,
        "avg_time": 0.01533585786819458,
        "avg_similarity": 0.5191942695528269,
        "retrieval_methods": {
          "vector_search": 32
        }
      },
      "zhaobiao_contract": {
        "count": 16,
        "hit_at_1": 0.75,
        "hit_at_5": 1.0,
        "hit_at_10": 1.0,
        "precision_at_1": 0.75,
        "precision_at_5": 0.20000000000000004,
        "recall_at_5": 1.0,
        "mrr": 0.875,
        "avg_time": 0.015496581792831421,
        "avg_similarity": 0.778405646327883,
        "retrieval_methods": {
          "vector_search": 16
        }
      },
      "law_natural": {
        "count": 44,
        "hit_at_1": 0.22727272727272727,
        "hit_at_5": 0.7272727272727273,
        "hit_at_10": 0.7954545454545454,
        "precision_at_1": 0.22727272727272727,
        "precision_at_5": 0.14545454545454553,
        "recall_at_5": 0.7272727272727273,
        "mrr": 0.44872835497835495,
        "avg_time": 0.014918403191999956,
        "avg_similarity": 0.4120133200829679,
        "retrieval_methods": {
          "vector_search": 44
        }
      },
      "law_title": {
        "count": 79,
        "hit_at_1": 0.24050632911392406,
        "hit_at_5": 0.7468354430379747,
        "hit_at_10": 0.7974683544303798,
        "precision_at_1": 0.24050632911392406,
        "precision_at_5": 0.14936708860759482,
        "recall_at_5": 0.7468354430379747,
        "mrr": 0.4343881856540084,
        "avg_time": 0.014874446241161491,
        "avg_similarity": 0.48373100840592687,
        "retrieval_methods": {
          "vector_search": 79
        }
      },
      "product_supplier": {
        "count": 13,
        "hit_at_1": 0.15384615384615385,
        "hit_at_5": 0.46153846153846156,
        "hit_at_10": 0.5384615384615384,
        "precision_at_1": 0.15384615384615385,
        "precision_at_5": 0.0923076923076923,
        "recall_at_5": 0.46153846153846156,
        "mrr": 0.29423076923076924,
        "avg_time": 0.015114068984985352,
        "avg_similarity": 0.43910268407601577,
        "retrieval_methods": {
          "vector_search": 13
        }
      },
      "product_name": {
        "count": 19,
        "hit_at_1": 0.15789473684210525,
        "hit_at_5": 0.8421052631578947,
        "hit_at_10": 1.0,
        "precision_at_1": 0.15789473684210525,
        "precision_at_5": 0.16842105263157897,
        "recall_at_5": 0.8421052631578947,
        "mrr": 0.43834586466165415,
        "avg_time": 0.015128763098465768,
        "avg_similarity": 0.8142075530792537,
        "retrieval_methods": {
          "vector_search": 19
        }
      },
      "product_keyword": {
        "count": 5,
        "hit_at_1": 0.0,
        "hit_at_5": 0.2,
        "hit_at_10": 0.2,
        "precision_at_1": 0.0,
        "precision_at_5": 0.04,
        "recall_at_5": 0.2,
        "mrr": 0.1,
        "avg_time": 0.014702415466308594,
        "avg_similarity": 0.39864157438278197,
        "retrieval_methods": {
          "vector_search": 5
        }
      },
      "product_natural": {
        "count": 12,
        "hit_at_1": 0.08333333333333333,
        "hit_at_5": 0.3333333333333333,
        "hit_at_10": 0.5833333333333334,
        "precision_at_1": 0.08333333333333333,
        "precision_at_5": 0.06666666666666667,
        "recall_at_5": 0.3333333333333333,
        "mrr": 0.24454365079365079,
        "avg_time": 0.015085359414418539,