{
  "total_queries": 496,
  "total_time": 7.608072280883789,
  "avg_time": 0.015338855405007639,
  "hit_at_1": 0.24798387096774194,
  "hit_at_3": 0.5080645161290323,
  "hit_at_5": 0.6129032258064516,
  "hit_at_10": 0.6491935483870968,
  "hit_at_15": 0.655241935483871,
  "precision_at_1": 0.24798387096774194,
  "precision_at_3": 0.16935483870967719,
  "precision_at_5": 0.12258064516129098,
  "precision_at_10": 0.06491935483871006,
  "precision_at_15": 0.043682795698924616,
  "recall_at_1": 0.24798387096774194,
  "recall_at_3": 0.5080645161290323,
  "recall_at_5": 0.6129032258064516,
  "recall_at_10": 0.6491935483870968,
  "recall_at_15": 0.655241935483871,
  "mrr": 0.39181600386502774,
  "successful_queries": 486,
  "empty_results": 10,
  "avg_similarity": 0.5074656555699485
}