{
  "summary": {
    "total_test_cases": 910,
    "successful_cases": 910,
    "failed_cases": 0,
    "valid_metric_cases": 850,
    "success_rate": 1.0,
    "fail_rate": 0.0,
    "valid_case_rate": 0.9340659340659341
  },
  "performance": {
    "total_retrieval_time": 446.25686518800217,
    "avg_retrieval_time": 0.5250080766917673,
    "retrieval_time_p50": 0.5516801364999537,
    "retrieval_time_p95": 0.6585000227499791,
    "retrieval_time_p99": 0.7286710239399417,
    "empty_result_count": 0,
    "empty_result_rate": 0.0,
    "no_hit_count": 209,
    "no_hit_rate": 0.24588235294117647,
    "hit_at_1": 0.20705882352941177,
    "precision_at_1": 0.20705882352941177,
    "recall_at_1": 0.20705882352941177,
    "hit_at_3": 0.4894117647058824,
    "precision_at_3": 0.1688235294117647,
    "recall_at_3": 0.4894117647058824,
    "hit_at_5": 0.6082352941176471,
    "precision_at_5": 0.13188235294117645,
    "recall_at_5": 0.6082352941176471,
    "hit_at_10": 0.7294117647058823,
    "precision_at_10": 0.08658823529411765,
    "recall_at_10": 0.7294117647058823,
    "hit_at_15": 0.7458823529411764,
    "precision_at_15": 0.06450980392156863,
    "recall_at_15": 0.7458823529411764,
    "avg_mrr": 0.3765315999082162,
    "avg_recall": 0.7541176470588236,
    "avg_f1_score": 0.1491622103386809,
    "avg_average_precision": 0.3765315999082162,
    "avg_ndcg_at_10": 0.46057648052489314,
    "avg_first_hit_rank": 3.483619344773791,
    "median_first_hit_rank": 2.0,
    "avg_similarity": 0.6065576648351647,
    "similarity_p25": 0.29231375000000004,
    "similarity_p75": 0.960545,
    "similarity_std": 0.34224120490471255
  }
}