{
  "summary": {
    "total_test_cases": 910,
    "successful_cases": 910,
    "failed_cases": 0,
    "valid_metric_cases": 850,
    "success_rate": 1.0,
    "fail_rate": 0.0,
    "valid_case_rate": 0.9340659340659341
  },
  "performance": {
    "total_retrieval_time": 675.2231802530009,
    "avg_retrieval_time": 0.794380212062354,
    "retrieval_time_p50": 0.8360373789999471,
    "retrieval_time_p95": 1.190146770450042,
    "retrieval_time_p99": 1.3554825342600758,
    "empty_result_count": 0,
    "empty_result_rate": 0.0,
    "no_hit_count": 208,
    "no_hit_rate": 0.2447058823529412,
    "hit_at_1": 0.20705882352941177,
    "precision_at_1": 0.20705882352941177,
    "recall_at_1": 0.20705882352941177,
    "hit_at_3": 0.4894117647058824,
    "precision_at_3": 0.1688235294117647,
    "recall_at_3": 0.4894117647058824,
    "hit_at_5": 0.6082352941176471,
    "precision_at_5": 0.13188235294117645,
    "recall_at_5": 0.6082352941176471,
    "hit_at_10": 0.7305882352941176,
    "precision_at_10": 0.08670588235294116,
    "recall_at_10": 0.7305882352941176,
    "hit_at_15": 0.7458823529411764,
    "precision_at_15": 0.06450980392156863,
    "recall_at_15": 0.7458823529411764,
    "avg_mrr": 0.3766775530263056,
    "avg_recall": 0.7552941176470588,
    "avg_f1_score": 0.14937611408199644,
    "avg_average_precision": 0.3766775530263056,
    "avg_ndcg_at_10": 0.4609686373876382,
    "avg_first_hit_rank": 3.4968847352024923,
    "median_first_hit_rank": 2.5,
    "avg_similarity": 0.6076816923076922,
    "similarity_p25": 0.29231375000000004,
    "similarity_p75": 0.9617287500000001,
    "similarity_std": 0.3425454559043333
  }
}