{
  "summary": {
    "total_test_cases": 910,
    "successful_cases": 910,
    "failed_cases": 0,
    "valid_metric_cases": 850,
    "success_rate": 1.0,
    "fail_rate": 0.0,
    "valid_case_rate": 0.9340659340659341
  },
  "performance": {
    "total_retrieval_time": 520.6958894010043,
    "avg_retrieval_time": 0.6125833992952991,
    "retrieval_time_p50": 0.5879295764999597,
    "retrieval_time_p95": 1.176502446700067,
    "retrieval_time_p99": 1.3174133091500444,
    "empty_result_count": 42,
    "empty_result_rate": 0.046153846153846156,
    "no_hit_count": 246,
    "no_hit_rate": 0.28941176470588237,
    "hit_at_1": 0.20588235294117646,
    "precision_at_1": 0.20588235294117646,
    "recall_at_1": 0.20588235294117646,
    "hit_at_3": 0.4776470588235294,
    "precision_at_3": 0.1649019607843137,
    "recall_at_3": 0.4776470588235294,
    "hit_at_5": 0.5764705882352941,
    "precision_at_5": 0.12552941176470586,
    "recall_at_5": 0.5764705882352941,
    "hit_at_10": 0.6882352941176471,
    "precision_at_10": 0.08247058823529411,
    "recall_at_10": 0.6882352941176471,
    "hit_at_15": 0.7035294117647058,
    "precision_at_15": 0.06168627450980392,
    "recall_at_15": 0.7035294117647058,
    "avg_mrr": 0.3646759294348986,
    "avg_recall": 0.7105882352941176,
    "avg_f1_score": 0.14167557932263816,
    "avg_average_precision": 0.3646759294348986,
    "avg_ndcg_at_10": 0.44188882724538153,
    "avg_first_hit_rank": 3.379139072847682,
    "median_first_hit_rank": 2.0,
    "avg_similarity": 0.604030034562212,
    "similarity_p25": 0.2775412500000001,
    "similarity_p75": 0.9640487500000001,
    "similarity_std": 0.3467194997295121
  }
}