{
  "summary": {
    "total_test_cases": 910,
    "successful_cases": 910,
    "failed_cases": 0,
    "valid_metric_cases": 850,
    "success_rate": 1.0,
    "fail_rate": 0.0,
    "valid_case_rate": 0.9340659340659341
  },
  "performance": {
    "total_retrieval_time": 469.59482088500005,
    "avg_retrieval_time": 0.5524644951588236,
    "retrieval_time_p50": 0.5797676530000047,
    "retrieval_time_p95": 0.6958519495999894,
    "retrieval_time_p99": 0.7776795672599979,
    "empty_result_count": 0,
    "empty_result_rate": 0.0,
    "no_hit_count": 204,
    "no_hit_rate": 0.24,
    "hit_at_1": 0.21058823529411766,
    "precision_at_1": 0.21058823529411766,
    "recall_at_1": 0.21058823529411766,
    "hit_at_3": 0.49058823529411766,
    "precision_at_3": 0.16921568627450978,
    "recall_at_3": 0.49058823529411766,
    "hit_at_5": 0.6141176470588235,
    "precision_at_5": 0.13305882352941176,
    "recall_at_5": 0.6141176470588235,
    "hit_at_10": 0.7352941176470589,
    "precision_at_10": 0.08717647058823529,
    "recall_at_10": 0.7352941176470589,
    "hit_at_15": 0.7529411764705882,
    "precision_at_15": 0.06498039215686274,
    "recall_at_15": 0.7529411764705882,
    "avg_mrr": 0.38041815453006494,
    "avg_recall": 0.76,
    "avg_f1_score": 0.1502317290552585,
    "avg_average_precision": 0.38041815453006494,
    "avg_ndcg_at_10": 0.46489691283726053,
    "avg_first_hit_rank": 3.4659442724458205,
    "median_first_hit_rank": 2.0,
    "avg_similarity": 0.6059994218781668,
    "similarity_p25": 0.29231375000000004,
    "similarity_p75": 0.9606750000000001,
    "similarity_std": 0.3409671678728146
  }
}