{
  "summary": {
    "total_test_cases": 910,
    "successful_cases": 910,
    "failed_cases": 0,
    "valid_metric_cases": 850,
    "success_rate": 1.0,
    "fail_rate": 0.0,
    "valid_case_rate": 0.9340659340659341
  },
  "performance": {
    "total_retrieval_time": 476.81946120200035,
    "avg_retrieval_time": 0.5609640720023533,
    "retrieval_time_p50": 0.5745407624999928,
    "retrieval_time_p95": 0.73914566025,
    "retrieval_time_p99": 1.1245949766900138,
    "empty_result_count": 0,
    "empty_result_rate": 0.0,
    "no_hit_count": 199,
    "no_hit_rate": 0.23411764705882354,
    "hit_at_1": 0.21176470588235294,
    "precision_at_1": 0.21176470588235294,
    "recall_at_1": 0.21176470588235294,
    "hit_at_3": 0.49529411764705883,
    "precision_at_3": 0.1707843137254902,
    "recall_at_3": 0.49529411764705883,
    "hit_at_5": 0.6188235294117647,
    "precision_at_5": 0.13399999999999998,
    "recall_at_5": 0.6188235294117647,
    "hit_at_10": 0.7411764705882353,
    "precision_at_10": 0.08776470588235294,
    "recall_at_10": 0.7411764705882353,
    "hit_at_15": 0.7588235294117647,
    "precision_at_15": 0.06537254901960785,
    "recall_at_15": 0.7588235294117647,
    "avg_mrr": 0.3831492469670398,
    "avg_recall": 0.7658823529411765,
    "avg_f1_score": 0.15130124777183604,
    "avg_average_precision": 0.3831492469670398,
    "avg_ndcg_at_10": 0.4684111915910011,
    "avg_first_hit_rank": 3.4654377880184333,
    "median_first_hit_rank": 2.0,
    "avg_similarity": 0.6092055805860805,
    "similarity_p25": 0.29264125,
    "similarity_p75": 0.9633912500000001,
    "similarity_std": 0.3408200115153153
  }
}