{
  "summary": {
    "total_test_cases": 910,
    "successful_cases": 910,
    "failed_cases": 0,
    "valid_metric_cases": 850,
    "success_rate": 1.0,
    "fail_rate": 0.0,
    "valid_case_rate": 0.9340659340659341
  },
  "performance": {
    "total_retrieval_time": 516.397602631001,
    "avg_retrieval_time": 0.6075265913305894,
    "retrieval_time_p50": 0.5917316420000134,
    "retrieval_time_p95": 1.0072362175499734,
    "retrieval_time_p99": 1.1275885852099328,
    "empty_result_count": 0,
    "empty_result_rate": 0.0,
    "no_hit_count": 200,
    "no_hit_rate": 0.23529411764705882,
    "hit_at_1": 0.21176470588235294,
    "precision_at_1": 0.21176470588235294,
    "recall_at_1": 0.21176470588235294,
    "hit_at_3": 0.49411764705882355,
    "precision_at_3": 0.1703921568627451,
    "recall_at_3": 0.49411764705882355,
    "hit_at_5": 0.6176470588235294,
    "precision_at_5": 0.13376470588235292,
    "recall_at_5": 0.6176470588235294,
    "hit_at_10": 0.74,
    "precision_at_10": 0.08764705882352941,
    "recall_at_10": 0.74,
    "hit_at_15": 0.7576470588235295,
    "precision_at_15": 0.06529411764705882,
    "recall_at_15": 0.7576470588235295,
    "avg_mrr": 0.3827710957065355,
    "avg_recall": 0.7647058823529411,
    "avg_f1_score": 0.1510873440285205,
    "avg_average_precision": 0.3827710957065355,
    "avg_ndcg_at_10": 0.4678229562968835,
    "avg_first_hit_rank": 3.463076923076923,
    "median_first_hit_rank": 2.0,
    "avg_similarity": 0.6074023516483517,
    "similarity_p25": 0.29231375000000004,
    "similarity_p75": 0.9606750000000001,
    "similarity_std": 0.340463361274446
  }
}