{
  "summary": {
    "total_test_cases": 910,
    "successful_cases": 910,
    "failed_cases": 0,
    "valid_metric_cases": 850,
    "success_rate": 1.0,
    "fail_rate": 0.0,
    "valid_case_rate": 0.9340659340659341
  },
  "performance": {
    "total_retrieval_time": 332.45512185499865,
    "avg_retrieval_time": 0.39112367277058663,
    "retrieval_time_p50": 0.39304596049998963,
    "retrieval_time_p95": 0.5424847228999397,
    "retrieval_time_p99": 0.762180392409989,
    "empty_result_count": 0,
    "empty_result_rate": 0.0,
    "no_hit_count": 201,
    "no_hit_rate": 0.23647058823529413,
    "hit_at_1": 0.21294117647058824,
    "precision_at_1": 0.21294117647058824,
    "recall_at_1": 0.21294117647058824,
    "hit_at_3": 0.47294117647058825,
    "precision_at_3": 0.1633333333333333,
    "recall_at_3": 0.47294117647058825,
    "hit_at_5": 0.6011764705882353,
    "precision_at_5": 0.13047058823529412,
    "recall_at_5": 0.6011764705882353,
    "hit_at_10": 0.7329411764705882,
    "precision_at_10": 0.08694117647058824,
    "recall_at_10": 0.7329411764705882,
    "hit_at_15": 0.7541176470588236,
    "precision_at_15": 0.06505882352941177,
    "recall_at_15": 0.7541176470588236,
    "avg_mrr": 0.37297506602141456,
    "avg_recall": 0.7635294117647059,
    "avg_f1_score": 0.14980392156862746,
    "avg_average_precision": 0.37297506602141456,
    "avg_ndcg_at_10": 0.4575813437522645,
    "avg_first_hit_rank": 3.704160246533128,
    "median_first_hit_rank": 3.0,
    "avg_similarity": 0.7377542912087912,
    "similarity_p25": 0.5284575,
    "similarity_p75": 0.98956,
    "similarity_std": 0.2848184513333181
  }
}