{
  "summary": {
    "total_test_cases": 910,
    "successful_cases": 910,
    "failed_cases": 0,
    "valid_metric_cases": 850,
    "success_rate": 1.0,
    "fail_rate": 0.0,
    "valid_case_rate": 0.9340659340659341
  },
  "performance": {
    "total_retrieval_time": 89.72066916699993,
    "avg_retrieval_time": 0.10555372843176462,
    "retrieval_time_p50": 0.09556073499999229,
    "retrieval_time_p95": 0.1816496760499985,
    "retrieval_time_p99": 0.23963191754998317,
    "empty_result_count": 0,
    "empty_result_rate": 0.0,
    "no_hit_count": 234,
    "no_hit_rate": 0.2752941176470588,
    "hit_at_1": 0.20588235294117646,
    "precision_at_1": 0.20588235294117646,
    "recall_at_1": 0.20588235294117646,
    "hit_at_3": 0.4764705882352941,
    "precision_at_3": 0.1645098039215686,
    "recall_at_3": 0.4764705882352941,
    "hit_at_5": 0.5964705882352941,
    "precision_at_5": 0.12952941176470587,
    "recall_at_5": 0.5964705882352941,
    "hit_at_10": 0.691764705882353,
    "precision_at_10": 0.0828235294117647,
    "recall_at_10": 0.691764705882353,
    "hit_at_15": 0.7164705882352941,
    "precision_at_15": 0.06254901960784313,
    "recall_at_15": 0.7164705882352941,
    "avg_mrr": 0.36643775649571503,
    "avg_recall": 0.7247058823529412,
    "avg_f1_score": 0.14231729055258466,
    "avg_average_precision": 0.36643775649571503,
    "avg_ndcg_at_10": 0.44336731958909,
    "avg_first_hit_rank": 3.487012987012987,
    "median_first_hit_rank": 2.0,
    "avg_similarity": 0.265661485260771,
    "similarity_p25": 0.1563,
    "similarity_p75": 0.33486499999999997,
    "similarity_std": 0.17777992674134804
  }
}