{
  "summary": {
    "total_test_cases": 910,
    "successful_cases": 910,
    "failed_cases": 0,
    "valid_metric_cases": 850,
    "success_rate": 1.0,
    "fail_rate": 0.0,
    "valid_case_rate": 0.9340659340659341
  },
  "performance": {
    "total_retrieval_time": 70.08825083300087,
    "avg_retrieval_time": 0.08245676568588338,
    "retrieval_time_p50": 0.06992821500000446,
    "retrieval_time_p95": 0.19500561175001085,
    "retrieval_time_p99": 0.23199744872004316,
    "empty_result_count": 417,
    "empty_result_rate": 0.4582417582417582,
    "no_hit_count": 487,
    "no_hit_rate": 0.5729411764705883,
    "hit_at_1": 0.17058823529411765,
    "precision_at_1": 0.17058823529411765,
    "recall_at_1": 0.17058823529411765,
    "hit_at_3": 0.3164705882352941,
    "precision_at_3": 0.1111764705882353,
    "recall_at_3": 0.3164705882352941,
    "hit_at_5": 0.38235294117647056,
    "precision_at_5": 0.08670588235294116,
    "recall_at_5": 0.38235294117647056,
    "hit_at_10": 0.4188235294117647,
    "precision_at_10": 0.05552941176470588,
    "recall_at_10": 0.4188235294117647,
    "hit_at_15": 0.4258823529411765,
    "precision_at_15": 0.043176470588235295,
    "recall_at_15": 0.4258823529411765,
    "avg_mrr": 0.2563105085994359,
    "avg_recall": 0.42705882352941177,
    "avg_f1_score": 0.09269162210338681,
    "avg_average_precision": 0.2563105085994359,
    "avg_ndcg_at_10": 0.2955288814268845,
    "avg_first_hit_rank": 2.7382920110192837,
    "median_first_hit_rank": 2.0,
    "avg_similarity": 0.26890263374485596,
    "similarity_p25": 0.1533575,
    "similarity_p75": 0.300695,
    "similarity_std": 0.21480812622918202
  }
}