{
  "summary": {
    "total_test_cases": 910,
    "successful_cases": 910,
    "failed_cases": 0,
    "valid_metric_cases": 850,
    "success_rate": 1.0,
    "fail_rate": 0.0,
    "valid_case_rate": 0.9340659340659341
  },
  "performance": {
    "total_retrieval_time": 189.99417580199983,
    "avg_retrieval_time": 0.22352255976705862,
    "retrieval_time_p50": 0.20981649599998775,
    "retrieval_time_p95": 0.3858278041999938,
    "retrieval_time_p99": 0.48191165298001093,
    "empty_result_count": 0,
    "empty_result_rate": 0.0,
    "no_hit_count": 328,
    "no_hit_rate": 0.38588235294117645,
    "hit_at_1": 0.17294117647058824,
    "precision_at_1": 0.17294117647058824,
    "recall_at_1": 0.17294117647058824,
    "hit_at_3": 0.3623529411764706,
    "precision_at_3": 0.1264705882352941,
    "recall_at_3": 0.3623529411764706,
    "hit_at_5": 0.4835294117647059,
    "precision_at_5": 0.10694117647058825,
    "recall_at_5": 0.4835294117647059,
    "hit_at_10": 0.5635294117647058,
    "precision_at_10": 0.07,
    "recall_at_10": 0.5635294117647058,
    "hit_at_15": 0.6011764705882353,
    "precision_at_15": 0.05486274509803921,
    "recall_at_15": 0.6011764705882353,
    "avg_mrr": 0.2957426292469545,
    "avg_recall": 0.6141176470588235,
    "avg_f1_score": 0.1190017825311943,
    "avg_average_precision": 0.2957426292469545,
    "avg_ndcg_at_10": 0.35720046106092307,
    "avg_first_hit_rank": 4.032567049808429,
    "median_first_hit_rank": 3.0,
    "avg_similarity": 0.2999617403628118,
    "similarity_p25": 0.16756749999999998,
    "similarity_p75": 0.379855,
    "similarity_std": 0.19637800528712027
  }
}