{
  "summary": {
    "total_test_cases": 910,
    "successful_cases": 910,
    "failed_cases": 0,
    "valid_metric_cases": 850,
    "success_rate": 1.0,
    "fail_rate": 0.0,
    "valid_case_rate": 0.9340659340659341
  },
  "performance": {
    "total_retrieval_time": 188.39933916899977,
    "avg_retrieval_time": 0.22164628137529385,
    "retrieval_time_p50": 0.2101151004999906,
    "retrieval_time_p95": 0.35569339990000365,
    "retrieval_time_p99": 0.4256344327100035,
    "empty_result_count": 0,
    "empty_result_rate": 0.0,
    "no_hit_count": 518,
    "no_hit_rate": 0.6094117647058823,
    "hit_at_1": 0.08588235294117647,
    "precision_at_1": 0.08588235294117647,
    "recall_at_1": 0.08588235294117647,
    "hit_at_3": 0.16588235294117648,
    "precision_at_3": 0.06098039215686274,
    "recall_at_3": 0.16588235294117648,
    "hit_at_5": 0.2011764705882353,
    "precision_at_5": 0.050470588235294114,
    "recall_at_5": 0.2011764705882353,
    "hit_at_10": 0.2917647058823529,
    "precision_at_10": 0.04282352941176471,
    "recall_at_10": 0.2917647058823529,
    "hit_at_15": 0.35294117647058826,
    "precision_at_15": 0.03831372549019607,
    "recall_at_15": 0.35294117647058826,
    "avg_mrr": 0.1470729654509476,
    "avg_recall": 0.3905882352941176,
    "avg_f1_score": 0.06959001782531195,
    "avg_average_precision": 0.1470729654509476,
    "avg_ndcg_at_10": 0.1755934949255943,
    "avg_first_hit_rank": 6.629518072289157,
    "median_first_hit_rank": 5.0,
    "avg_similarity": 0.3664786927374302,
    "similarity_p25": 0.25199499999999997,
    "similarity_p75": 0.440155,
    "similarity_std": 0.17870967455365472
  }
}