{
  "summary": {
    "total_test_cases": 910,
    "successful_cases": 910,
    "failed_cases": 0,
    "valid_metric_cases": 850,
    "success_rate": 1.0,
    "fail_rate": 0.0,
    "valid_case_rate": 0.9340659340659341
  },
  "performance": {
    "total_retrieval_time": 32.40554070899782,
    "avg_retrieval_time": 0.03812416553999744,
    "retrieval_time_p50": 0.028199164999989534,
    "retrieval_time_p95": 0.05046142189995632,
    "retrieval_time_p99": 0.2384349247999296,
    "empty_result_count": 0,
    "empty_result_rate": 0.0,
    "no_hit_count": 256,
    "no_hit_rate": 0.30117647058823527,
    "hit_at_1": 0.19647058823529412,
    "precision_at_1": 0.19647058823529412,
    "recall_at_1": 0.19647058823529412,
    "hit_at_3": 0.44588235294117645,
    "precision_at_3": 0.15431372549019606,
    "recall_at_3": 0.44588235294117645,
    "hit_at_5": 0.5823529411764706,
    "precision_at_5": 0.12670588235294117,
    "recall_at_5": 0.5823529411764706,
    "hit_at_10": 0.6564705882352941,
    "precision_at_10": 0.0792941176470588,
    "recall_at_10": 0.6564705882352941,
    "hit_at_15": 0.6858823529411765,
    "precision_at_15": 0.06050980392156862,
    "recall_at_15": 0.6858823529411765,
    "avg_mrr": 0.34834481906021697,
    "avg_recall": 0.6988235294117647,
    "avg_f1_score": 0.13590017825311945,
    "avg_average_precision": 0.34834481906021697,
    "avg_ndcg_at_10": 0.4207006347361768,
    "avg_first_hit_rank": 3.6262626262626263,
    "median_first_hit_rank": 3.0,
    "avg_similarity": 0.3132109137343927,
    "similarity_p25": 0.164045,
    "similarity_p75": 0.42798499999999995,
    "similarity_std": 0.21006332117792792
  }
}