{
  "summary": {
    "total_test_cases": 910,
    "successful_cases": 910,
    "failed_cases": 0,
    "valid_metric_cases": 850,
    "success_rate": 1.0,
    "fail_rate": 0.0,
    "valid_case_rate": 0.9340659340659341
  },
  "performance": {
    "total_retrieval_time": 97.28076331900064,
    "avg_retrieval_time": 0.1144479568458831,
    "retrieval_time_p50": 0.10218556250001143,
    "retrieval_time_p95": 0.19557946445001442,
    "retrieval_time_p99": 0.2376251405600135,
    "empty_result_count": 0,
    "empty_result_rate": 0.0,
    "no_hit_count": 247,
    "no_hit_rate": 0.29058823529411765,
    "hit_at_1": 0.20352941176470588,
    "precision_at_1": 0.20352941176470588,
    "recall_at_1": 0.20352941176470588,
    "hit_at_3": 0.4682352941176471,
    "precision_at_3": 0.16176470588235295,
    "recall_at_3": 0.4682352941176471,
    "hit_at_5": 0.5905882352941176,
    "precision_at_5": 0.1283529411764706,
    "recall_at_5": 0.5905882352941176,
    "hit_at_10": 0.6811764705882353,
    "precision_at_10": 0.08176470588235295,
    "recall_at_10": 0.6811764705882353,
    "hit_at_15": 0.7035294117647058,
    "precision_at_15": 0.06168627450980392,
    "recall_at_15": 0.7035294117647058,
    "avg_mrr": 0.3612999836572501,
    "avg_recall": 0.7094117647058824,
    "avg_f1_score": 0.14039215686274512,
    "avg_average_precision": 0.3612999836572501,
    "avg_ndcg_at_10": 0.43717933530556113,
    "avg_first_hit_rank": 3.4112769485903813,
    "median_first_hit_rank": 2.0,
    "avg_similarity": 0.26242635641316686,
    "similarity_p25": 0.155225,
    "similarity_p75": 0.3317449999999999,
    "similarity_std": 0.17887794908957538
  }
}