{
  "summary": {
    "total_test_cases": 910,
    "successful_cases": 910,
    "failed_cases": 0,
    "valid_metric_cases": 850,
    "success_rate": 1.0,
    "fail_rate": 0.0,
    "valid_case_rate": 0.9340659340659341
  },
  "performance": {
    "total_retrieval_time": 175.60561355300018,
    "avg_retrieval_time": 0.20659483947411786,
    "retrieval_time_p50": 0.19786668550000286,
    "retrieval_time_p95": 0.3992005424000126,
    "retrieval_time_p99": 0.4868912117000178,
    "empty_result_count": 0,
    "empty_result_rate": 0.0,
    "no_hit_count": 353,
    "no_hit_rate": 0.4152941176470588,
    "hit_at_1": 0.16470588235294117,
    "precision_at_1": 0.16470588235294117,
    "recall_at_1": 0.16470588235294117,
    "hit_at_3": 0.33294117647058824,
    "precision_at_3": 0.11666666666666665,
    "recall_at_3": 0.33294117647058824,
    "hit_at_5": 0.4470588235294118,
    "precision_at_5": 0.09964705882352942,
    "recall_at_5": 0.4470588235294118,
    "hit_at_10": 0.528235294117647,
    "precision_at_10": 0.06652941176470588,
    "recall_at_10": 0.528235294117647,
    "hit_at_15": 0.5682352941176471,
    "precision_at_15": 0.05282352941176469,
    "recall_at_15": 0.5682352941176471,
    "avg_mrr": 0.2778063367812503,
    "avg_recall": 0.5847058823529412,
    "avg_f1_score": 0.11267973856209151,
    "avg_average_precision": 0.2778063367812503,
    "avg_ndcg_at_10": 0.3345660854709342,
    "avg_first_hit_rank": 4.257545271629779,
    "median_first_hit_rank": 3.0,
    "avg_similarity": 0.3115052130367745,
    "similarity_p25": 0.1713575,
    "similarity_p75": 0.38953249999999995,
    "similarity_std": 0.1995871203709137
  }
}