{
  "summary": {
    "total_test_cases": 496,
    "successful_cases": 496,
    "failed_cases": 0,
    "valid_metric_cases": 496,
    "success_rate": 1.0,
    "fail_rate": 0.0,
    "valid_case_rate": 1.0
  },
  "performance": {
    "total_retrieval_time": 19.407895778000096,
    "avg_retrieval_time": 0.03912882213306471,
    "retrieval_time_p50": 0.02504885150000291,
    "retrieval_time_p95": 0.2214444894999943,
    "retrieval_time_p99": 0.2331691028000094,
    "empty_result_count": 0,
    "empty_result_rate": 0.0,
    "no_hit_count": 128,
    "no_hit_rate": 0.25806451612903225,
    "hit_at_1": 0.2661290322580645,
    "precision_at_1": 0.2661290322580645,
    "recall_at_1": 0.2661290322580645,
    "hit_at_3": 0.5282258064516129,
    "precision_at_3": 0.18581989247311825,
    "recall_at_3": 0.5282258064516129,
    "hit_at_5": 0.6633064516129032,
    "precision_at_5": 0.1502016129032258,
    "recall_at_5": 0.6633064516129032,
    "hit_at_10": 0.7076612903225806,
    "precision_at_10": 0.09415322580645162,
    "recall_at_10": 0.7076612903225806,
    "hit_at_15": 0.7318548387096774,
    "precision_at_15": 0.0741263440860215,
    "recall_at_15": 0.7318548387096774,
    "avg_mrr": 0.4201493267432546,
    "avg_recall": 0.7419354838709677,
    "avg_f1_score": 0.1570136852394917,
    "avg_average_precision": 0.4201493267432546,
    "avg_ndcg_at_10": 0.488780155247232,
    "avg_first_hit_rank": 3.0760869565217392,
    "median_first_hit_rank": 2.0,
    "avg_similarity": 0.3614502653061224,
    "similarity_p25": 0.18490499999999999,
    "similarity_p75": 0.50289625,
    "similarity_std": 0.2406039560270113
  }
}