{
  "summary": {
    "total_test_cases": 910,
    "successful_cases": 910,
    "failed_cases": 0,
    "valid_metric_cases": 850,
    "success_rate": 1.0,
    "fail_rate": 0.0,
    "valid_case_rate": 0.9340659340659341
  },
  "performance": {
    "total_retrieval_time": 174.79506365999995,
    "avg_retrieval_time": 0.20564125136470582,
    "retrieval_time_p50": 0.1898298585000049,
    "retrieval_time_p95": 0.3253783760000004,
    "retrieval_time_p99": 0.4038374814199939,
    "empty_result_count": 0,
    "empty_result_rate": 0.0,
    "no_hit_count": 647,
    "no_hit_rate": 0.7611764705882353,
    "hit_at_1": 0.06705882352941177,
    "precision_at_1": 0.06705882352941177,
    "recall_at_1": 0.06705882352941177,
    "hit_at_3": 0.13058823529411764,
    "precision_at_3": 0.0492156862745098,
    "recall_at_3": 0.13058823529411764,
    "hit_at_5": 0.1623529411764706,
    "precision_at_5": 0.042705882352941184,
    "recall_at_5": 0.1623529411764706,
    "hit_at_10": 0.20941176470588235,
    "precision_at_10": 0.03458823529411765,
    "recall_at_10": 0.20941176470588235,
    "hit_at_15": 0.22941176470588234,
    "precision_at_15": 0.030078431372549015,
    "recall_at_15": 0.22941176470588234,
    "avg_mrr": 0.11047002658403132,
    "avg_recall": 0.2388235294117647,
    "avg_f1_score": 0.054616755793226376,
    "avg_average_precision": 0.11047002658403132,
    "avg_ndcg_at_10": 0.13226334988246408,
    "avg_first_hit_rank": 4.74384236453202,
    "median_first_hit_rank": 3.0,
    "avg_similarity": 0.5754415384615384,
    "similarity_p25": 0.39282875,
    "similarity_p75": 0.7495375,
    "similarity_std": 0.23373838174686698
  }
}