{
  "summary": {
    "total_test_cases": 910,
    "successful_cases": 910,
    "failed_cases": 0,
    "valid_metric_cases": 850,
    "success_rate": 1.0,
    "fail_rate": 0.0,
    "valid_case_rate": 0.9340659340659341
  },
  "performance": {
    "total_retrieval_time": 97.26898292700133,
    "avg_retrieval_time": 0.11443409756117803,
    "retrieval_time_p50": 0.106187811500007,
    "retrieval_time_p95": 0.2084357649500331,
    "retrieval_time_p99": 0.248184623689977,
    "empty_result_count": 0,
    "empty_result_rate": 0.0,
    "no_hit_count": 250,
    "no_hit_rate": 0.29411764705882354,
    "hit_at_1": 0.20588235294117646,
    "precision_at_1": 0.20588235294117646,
    "recall_at_1": 0.20588235294117646,
    "hit_at_3": 0.46941176470588236,
    "precision_at_3": 0.16215686274509802,
    "recall_at_3": 0.46941176470588236,
    "hit_at_5": 0.5823529411764706,
    "precision_at_5": 0.12670588235294117,
    "recall_at_5": 0.5823529411764706,
    "hit_at_10": 0.6764705882352942,
    "precision_at_10": 0.08135294117647057,
    "recall_at_10": 0.6764705882352942,
    "hit_at_15": 0.6988235294117647,
    "precision_at_15": 0.06156862745098039,
    "recall_at_15": 0.6988235294117647,
    "avg_mrr": 0.36170385429641483,
    "avg_recall": 0.7058823529411765,
    "avg_f1_score": 0.13963161021984552,
    "avg_average_precision": 0.36170385429641483,
    "avg_ndcg_at_10": 0.43627754084572257,
    "avg_first_hit_rank": 3.433333333333333,
    "median_first_hit_rank": 2.0,
    "avg_similarity": 0.2617345496813062,
    "similarity_p25": 0.15556999999999999,
    "similarity_p75": 0.33187,
    "similarity_std": 0.17703605559294264
  }
}